{
	"type": "origins:stacking_status_effect",
	"min_stacks": 0,
	"max_stacks": 1,
	"duration_per_stack": 20,
	"effect":
	{
		"effect": "minecraft:speed",
		"show_particles": false,
		"show_icon": false
	},
	"condition":
	{
		"type": "origins:or",
		"conditions":
		[
			{
				"type": "origins:on_block",
				"block_condition":
				{
					"type": "origins:block",
					"block": "minecraft:ice"
				}
			},
			{
				"type": "origins:on_block",
				"block_condition":
				{
					"type": "origins:block",
					"block": "minecraft:packed_ice"
				}
			},
			{
				"type": "origins:on_block",
				"block_condition":
				{
					"type": "origins:block",
					"block": "minecraft:blue_ice"
				}
			}
		]
	},
	"name": "Unnatural Traction",
	"description": "You have spent all of your life in icy environments, and you are able to glide on the ice much faster than most."
}