{
	"type": "origins:action_over_time",
	"entity_action": {
		"type": "origins:and",
		"actions": [
			{
				"type": "origins:add_velocity",
				"z": 0.0825,
				"space": "local"
			},
			{
				"type": "origins:change_resource",
				"resource": "additional:flight_resource",
				"change": -1
			},
			{
				"type": "origins:exhaust",
				"interval": 4,
				"amount": 0.6
			}
		]
	},
	"interval": 2,
	"condition": {
		"type": "origins:and",
		"conditions": [
			{
				"type": "origins:fall_flying"
			},
			{
				"type": "origins:power_active",
				"power": "additional:flight_toggle"
			},
			{
				"type": "origins:resource",
				"resource": "additional:flight_resource",
				"comparison": ">",
				"compare_to": 0
			}
		]
	},
	"name": "Flight",
	"description": "Pressing 'G' while gliding allows you to gain forward velocity. This ability has a meter, and uses hunger."
}