{
    "type": "origins:fire_projectile",
    "cooldown": 30,
    "hud_render": 
    {
        "bar_index": 5
    },
    "entity_type": "minecraft:potion",
    "sound": "minecraft:entity.ender_pearl.throw",
    "speed": 1.5,
    "divergence": 1,
    "tag": "{
        Item:{
            id:\"minecraft:splash_potion\",
            Count:1b,
            tag:{
                Potion:\"minecraft:water\",
                CustomPotionEffects:[
                    {
                        Id:10,
                        Duration:200,
                        Amplifier:0
                    }
                ]
            }
        }
    }",    
    "name": "Help",
    "description": "Axolotls can help their friends by imbuing them with regeneration"
}