{
	"type": "origins:active_self",	
	"entity_action": 
	{
		"type": "origins:apply_effect",
		
		"effect": 
		{
			"effect": "minecraft:water_breathing",
			"show_particles": false,
			"duration": 6000,
			"amplifier": 0
		}		
	},
	"condition": 
	{
		"type": "origins:submerged_in",
		"fluid": "minecraft:water"
	},
	"cooldown": 0,
	"hud_render": 
	{
		"should_render": false
	},
	"name": "Hold Breath",
	"description": "Press 'G' while under water to hold your breath for 5 minutes."
}