{
	"powers": [
		"bee:consume_a",
		"bee:poor_digest",
                "origins:light_armor",
                "origins:more_kinetic_damage",
                "origins:slow_falling",
                "bee:bees_knees",
                "origins:vegetarian",
                "origins:water_vulnerability",
                "bee:stinger"
	],
	"icon": "minecraft:honey_block",
	"order": 5,
	"impact": 2,
	"name": "Bee",
	"description": "A bee origin that allows you to play just like a bee!"
}
