{	
	"type": "origins:active_self",
	"cooldown": 800,
	"hud_render": 
	{
		"should_render": true,
		"bar_index": 0
	},
	"entity_action": 
	{
		"type": "origins:and",
		"actions": [
			{
				"type": "origins:apply_effect",
				"effect": 
				{
					"effect": "minecraft:slow_falling",
					"duration": 120,
					"amplifier": 0
				}
			}, 
			{
				"type":"origins:execute_command",
				"command": "summon minecraft:creeper ~ ~ ~ {ignited:1,Fuse:0,ExplosionRadius:4}",
				"permission_level": 4
			}
		]
	},
	"name": "Explode!",
	"description": "You can explode on command."
}