{
	"type": "origins:self_action_when_hit",
	"entity_action": 
	{
		"type": "origins:apply_effect",
		"effects": [
		{
			"effect": "minecraft:speed",
			"amplifier": 0,
			"duration": 200
		}
		]
	},
	"damage_condition": 
	{
		"type": "origins:amount",
		"comparison": ">=",
		"compare_to": 3.0
	},
	"cooldown": 1200,
	"hud_render": 
	{
		"should_render": false
	},
	"name": "Scatter",
	"description": "When taking significant damage, adrenaline kicks in, giving you a 10 second speed boost."
}