{
	"type": "origins:fire_projectile",
	"entity_type": "minecraft:item",
	"tag": "{Item:{id:\"minecraft:white_wool\",Count:1b}}",
	"cooldown": 1200,
	"speed": -0.5,
	"sound": "minecraft:entity.sheep.shear",
	"hud_render": 
	{
		"should_render": true,
		"bar_index": 5
	},
	"condition": 
	{
		"type": "origins:equipped_item",
		"equipment_slot": "mainhand",
		"item_condition": 
		{
			"type": "origins:ingredient",
			"ingredient": 
			{
				"item": "minecraft:shears"
			}
		}
	},
	"name": "Shear",
	"description": "You have the ability to shear yourself by pressing 'G' while you are holding shears."
}