{
	"powers": [
		"origins:elytra",
		"elytrian:flight_resource",
		"elytrian:flight_use",
		"elytrian:flight_gain",
		"origins:aerial_combatant",
		"origins:light_armor",
		"origins:claustrophobia",
		"origins:more_kinetic_damage"
	],
	"icon": "minecraft:elytra",
	"order": 3,
	"impact": 1,
	"loading_priority": 1,
	"unchoosable": true,
	"name": "Elytrian",
	"description": "Often flying around in the winds, Elytrians are uncomfortable when they don't have enough space above their head."
}