{
	"type": "origins:stacking_status_effect",
	"min_stacks": 0,
	"max_stacks": 1,
	"duration_per_stack": 20,
	"effect":
	{
		"effect": "minecraft:slowness",
		"show_particles": false,
		"show_icon": false
	},

	"condition":
	{
		"type": "origins:or",
		"conditions":
		[
			{
				"type": "origins:biome",
				"biome": "frozen_ocean"
			},
			{
				"type": "origins:biome",
				"biome": "deep_frozen_ocean"
			},
			{
				"type": "origins:biome",
				"biome": "snowy_taiga_hills"
			},
			{
				"type": "origins:biome",
				"biome": "snowy_mountains"
			},
			{
				"type": "origins:biome",
				"biome": "snowy_tundra"
			},
			{
				"type": "origins:biome",
				"biome": "ice_spikes"
			},
			{
				"type": "origins:biome",
				"biome": "snowy_taiga"
			},
			{
				"type": "origins:biome",
				"biome": "snowy_taiga_mountains"
			},
			{
				"type": "origins:biome",
				"biome": "frozen_river"
			},
			{
				"type": "origins:biome",
				"biome": "snowy_beach"
			}
		],
		"inverted": true
	},
	"name": "Need for cold",
	"description": "You slow down while you are not in your preferred environment."
}