{
 "type": "origins:active_self",
  "entity_action": {
     "type": "origins:if_else",
	 "condition":
	 	{
		"type": "origins:or",
		"conditions": [
			{
			"type": "origins:equipped_item",
			"equipment_slot": "mainhand",
			"item_condition": {
			"type": "origins:ingredient",
			"ingredient": {
			"item": "minecraft:poppy"
				}
			  }
		    },
		  {
			"type": "origins:equipped_item",
			"equipment_slot": "offhand",
			"item_condition": {
			"type": "origins:ingredient",
			"ingredient": {
				"item": "minecraft:poppy"
				}
			  }
		    }   
	      ]
		},
	 "if_action": {
	      "type": "origins:and",
		  "actions": [
		      {
			"type": "origins:execute_command",
			"command": "give @s minecraft:honeycomb 1",
			"permission_level": 4
			  },
              {
            "type": "origins:apply_effect",
			"effect": {
			  "effect": "minecraft:night_vision",
			  "duration": 1200,
			  "amplifier": 0,
			  "is_ambient": true,
			  "show_particles": true,
			  "show_icon": true
		              }	
                 },	
              {
			"type": "origins:execute_command",
			"command": "clear @s minecraft:poppy 1",
			"permission_level": 4
			  },
                      {
			"type": "origins:feed",
			"food": 3,
			"saturation": 5
			  }
			  ]
			},
		 "else_action": {
		         "type": "origins:if_else",
	             "condition":
	 	      {
		    "type": "origins:or",
		    "conditions": [
			{
			"type": "origins:equipped_item",
			"equipment_slot": "mainhand",
			"item_condition": {
			"type": "origins:ingredient",
			"ingredient": {
			"item": "minecraft:cornflower"
				}
			  }
		    },
		  {
			"type": "origins:equipped_item",
			"equipment_slot": "offhand",
			"item_condition": {
			"type": "origins:ingredient",
			"ingredient": {
				"item": "minecraft:cornflower"
				}
			  }
		    }   
	      ]
		},
	 "if_action": {
	      "type": "origins:and",
		  "actions": [
		      {
			"type": "origins:execute_command",
			"command": "give @s minecraft:honeycomb 1",
			"permission_level": 4
			  },
              {
			"type": "origins:execute_command",
			"command": "clear @s minecraft:cornflower 1",
			"permission_level": 4
			  },
			  {
			"type": "origins:feed",
			"food": 4,
			"saturation": 5
			  },
              {
            "type": "origins:apply_effect",
			"effect": {
			  "effect": "minecraft:jump_boost",
			  "duration": 1200,
			  "amplifier": 0,
			  "is_ambient": true,
			  "show_particles": true,
			  "show_icon": true
		              }	
                 }
			  ]
			},
		 "else_action": {
		         "type": "origins:if_else",
	             "condition":
	 	      {
		    "type": "origins:or",
		    "conditions": [
			{
			"type": "origins:equipped_item",
			"equipment_slot": "mainhand",
			"item_condition": {
			"type": "origins:ingredient",
			"ingredient": {
			"item": "minecraft:dandelion"
				}
			  }
		    },
		  {
			"type": "origins:equipped_item",
			"equipment_slot": "offhand",
			"item_condition": {
			"type": "origins:ingredient",
			"ingredient": {
				"item": "minecraft:dandelion"
				}
			  }
		    }   
	      ]
		},
	 "if_action": {
	      "type": "origins:and",
		  "actions": [
		      {
			"type": "origins:execute_command",
			"command": "give @s minecraft:honeycomb 1",
			"permission_level": 4
			  },
              {
			"type": "origins:execute_command",
			"command": "clear @s minecraft:dandelion 1",
			"permission_level": 4
			  },
			  {
			"type": "origins:apply_effect",
            "effect": {
              "effect": "minecraft:saturation",
              "duration": 3,
			  "amplifier": 1,
			  "is_ambient": true,
			  "show_particles": true,
			  "show_icon": true		  
			        }
			  },
			  {
			"type": "origins:feed",
			"food": 2,
			"saturation": 6
			  }
			  ]
			},
		 "else_action": {
		         "type": "origins:if_else",
	             "condition":
	 	      {
		    "type": "origins:or",
		    "conditions": [
			{
			"type": "origins:equipped_item",
			"equipment_slot": "mainhand",
			"item_condition": {
			"type": "origins:ingredient",
			"ingredient": {
			"item": "minecraft:red_tulip"
				}
			  }
		    },
		  {
			"type": "origins:equipped_item",
			"equipment_slot": "offhand",
			"item_condition": {
			"type": "origins:ingredient",
			"ingredient": {
				"item": "minecraft:red_tulip"
				}
			  }
		    }   
	      ]
		},
	 "if_action": {
	      "type": "origins:and",
		  "actions": [
		      {
			"type": "origins:execute_command",
			"command": "give @s minecraft:honeycomb 1",
			"permission_level": 4
			  },
              {
			"type": "origins:execute_command",
			"command": "clear @s minecraft:red_tulip 1",
			"permission_level": 4
			  },
			  {
			"type": "origins:apply_effect",
            "effect": {
              "effect": "minecraft:strength",
              "duration": 200,
			  "amplifier": 0,
			  "is_ambient": true,
			  "show_particles": true,
			  "show_icon": true		  
			      }
			    },
			  {
			"type": "origins:feed",
			"food": 3,
			"saturation": 3
			  }
			  ]
			},
		 "else_action": {
		         "type": "origins:if_else",
	             "condition":
	 	      {
		    "type": "origins:or",
		    "conditions": [
			{
			"type": "origins:equipped_item",
			"equipment_slot": "mainhand",
			"item_condition": {
			"type": "origins:ingredient",
			"ingredient": {
			"item": "minecraft:orange_tulip"
				}
			  }
		    },
		  {
			"type": "origins:equipped_item",
			"equipment_slot": "offhand",
			"item_condition": {
			"type": "origins:ingredient",
			"ingredient": {
				"item": "minecraft:orange_tulip"
				}
			  }
		    }   
	      ]
		},
	 "if_action": {
	      "type": "origins:and",
		  "actions": [
		      {
			"type": "origins:execute_command",
			"command": "give @s minecraft:honeycomb 1",
			"permission_level": 4
			  },
              {
			"type": "origins:execute_command",
			"command": "clear @s minecraft:orange_tulip 1",
			"permission_level": 4
			  },
			  {
			"type": "origins:apply_effect",
            "effect": {
              "effect": "minecraft:haste",
              "duration": 200,
			  "amplifier": 1,
			  "is_ambient": true,
			  "show_particles": true,
			  "show_icon": true		  
			      }
			  },
			  {
			"type": "origins:feed",
			"food": 3,
			"saturation": 3
			  }
			  ]
			},
		 "else_action": {
		         "type": "origins:if_else",
	             "condition":
	 	      {
		    "type": "origins:or",
		    "conditions": [
			{
			"type": "origins:equipped_item",
			"equipment_slot": "mainhand",
			"item_condition": {
			"type": "origins:ingredient",
			"ingredient": {
			"item": "minecraft:white_tulip"
				}
			  }
		    },
		  {
			"type": "origins:equipped_item",
			"equipment_slot": "offhand",
			"item_condition": {
			"type": "origins:ingredient",
			"ingredient": {
				"item": "minecraft:white_tulip"
				}
			  }
		    }   
	      ]
		},
	 "if_action": {
	      "type": "origins:and",
		  "actions": [
		      {
			"type": "origins:execute_command",
			"command": "give @s minecraft:honeycomb 1",
			"permission_level": 4
			  },
              {
			"type": "origins:execute_command",
			"command": "clear @s minecraft:white_tulip 1",
			"permission_level": 4
			  },
			  {
			"type": "origins:apply_effect",
            "effect": {
              "effect": "minecraft:weakness",
              "duration": 1000,
			  "amplifier": 1,
			  "is_ambient": true,
			  "show_particles": true,
			  "show_icon": true		  
			      }
			  },
			  {
			"type": "origins:feed",
			"food": 3,
			"saturation": 3
			  }
			  ]
			},
		 "else_action": {
		         "type": "origins:if_else",
	             "condition":
	 	      {
		    "type": "origins:or",
		    "conditions": [
			{
			"type": "origins:equipped_item",
			"equipment_slot": "mainhand",
			"item_condition": {
			"type": "origins:ingredient",
			"ingredient": {
			"item": "minecraft:pink_tulip"
				}
			  }
		    },
		  {
			"type": "origins:equipped_item",
			"equipment_slot": "offhand",
			"item_condition": {
			"type": "origins:ingredient",
			"ingredient": {
				"item": "minecraft:pink_tulip"
				}
			  }
		    }   
	      ]
		},
	 "if_action": {
	      "type": "origins:and",
		  "actions": [
		      {
			"type": "origins:execute_command",
			"command": "give @s minecraft:honeycomb 1",
			"permission_level": 4
			  },
              {
			"type": "origins:execute_command",
			"command": "clear @s minecraft:pink_tulip 1",
			"permission_level": 4
			  },
                  {
			"type": "origins:apply_effect",
            "effect": {
              "effect": "minecraft:slow_falling",
              "duration": 800,
			  "amplifier": 0,
			  "is_ambient": true,
			  "show_particles": true,
			  "show_icon": true		  
			      }
			  },
			  {
			"type": "origins:feed",
			"food": 3,
			"saturation": 3
			  }
			  ]
			},
		 "else_action": {
		         "type": "origins:if_else",
	             "condition":
	 	      {
		    "type": "origins:or",
		    "conditions": [
			{
			"type": "origins:equipped_item",
			"equipment_slot": "mainhand",
			"item_condition": {
			"type": "origins:ingredient",
			"ingredient": {
			"item": "minecraft:wither_rose"
				}
			  }
		    },
		  {
			"type": "origins:equipped_item",
			"equipment_slot": "offhand",
			"item_condition": {
			"type": "origins:ingredient",
			"ingredient": {
				"item": "minecraft:wither_rose"
				}
			  }
		    }   
	      ]
		},
	 "if_action": {
	      "type": "origins:and",
		  "actions": [
		      {
			"type": "origins:execute_command",
			"command": "give @s minecraft:honeycomb 1",
			"permission_level": 4
			  },
              {
			"type": "origins:execute_command",
			"command": "clear @s minecraft:wither_rose 1",
			"permission_level": 4
			  },
                    {
			"type": "origins:apply_effect",
            "effect": {
              "effect": "minecraft:wither",
              "duration": 250,
			  "amplifier": 0,
			  "is_ambient": true,
			  "show_particles": true,
			  "show_icon": true		  
			      }
			  },
			  {
			"type": "origins:feed",
			"food": 4,
			"saturation": 0
			  }
			  ]
			},
		 "else_action": {
		         "type": "origins:if_else",
	             "condition":
	 	      {
		    "type": "origins:or",
		    "conditions": [
			{
			"type": "origins:equipped_item",
			"equipment_slot": "mainhand",
			"item_condition": {
			"type": "origins:ingredient",
			"ingredient": {
			"item": "minecraft:oxeye_daisy"
				}
			  }
		    },
		  {
			"type": "origins:equipped_item",
			"equipment_slot": "offhand",
			"item_condition": {
			"type": "origins:ingredient",
			"ingredient": {
				"item": "minecraft:oxeye_daisy"
				}
			  }
		    }   
	      ]
		},
	 "if_action": {
	      "type": "origins:and",
		  "actions": [
		      {
			"type": "origins:execute_command",
			"command": "give @s minecraft:honeycomb 1",
			"permission_level": 4
			  },
              {
			"type": "origins:execute_command",
			"command": "clear @s minecraft:oxeye_daisy 1",
			"permission_level": 4
			  },
                 {
			"type": "origins:apply_effect",
            "effect": {
              "effect": "minecraft:regeneration",
              "duration": 150,
			  "amplifier": 1,
			  "is_ambient": true,
			  "show_particles": true,
			  "show_icon": true		  
			      }
			  },
			  {
			"type": "origins:feed",
			"food": 3,
			"saturation": 6
			  }
			  ]
			},
		 "else_action": {
		         "type": "origins:if_else",
	             "condition":
	 	      {
		    "type": "origins:or",
		    "conditions": [
			{
			"type": "origins:equipped_item",
			"equipment_slot": "mainhand",
			"item_condition": {
			"type": "origins:ingredient",
			"ingredient": {
			"item": "minecraft:blue_orchid"
				}
			  }
		    },
		  {
			"type": "origins:equipped_item",
			"equipment_slot": "offhand",
			"item_condition": {
			"type": "origins:ingredient",
			"ingredient": {
				"item": "minecraft:blue_orchid"
				}
			  }
		    }   
	      ]
		},
	 "if_action": {
	      "type": "origins:and",
		  "actions": [
		      {
			"type": "origins:execute_command",
			"command": "give @s minecraft:honeycomb 1",
			"permission_level": 4
			  },
              {
			"type": "origins:execute_command",
			"command": "clear @s minecraft:blue_orchid 1",
			"permission_level": 4
			  },
			  {
			"type": "origins:apply_effect",
            "effect": {
              "effect": "minecraft:saturation",
              "duration": 5,
			  "amplifier": 1,
			  "is_ambient": true,
			  "show_particles": true,
			  "show_icon": true		  
			      }
				},
			  {
			"type": "origins:feed",
			"food": 4,
			"saturation": 4
			    }				
			  ]
			},
		 "else_action": {
		         "type": "origins:if_else",
	             "condition":
	 	      {
		    "type": "origins:or",
		    "conditions": [
			{
			"type": "origins:equipped_item",
			"equipment_slot": "mainhand",
			"item_condition": {
			"type": "origins:ingredient",
			"ingredient": {
			"item": "minecraft:azure_bluet"
				}
			  }
		    },
		  {
			"type": "origins:equipped_item",
			"equipment_slot": "offhand",
			"item_condition": {
			"type": "origins:ingredient",
			"ingredient": {
				"item": "minecraft:azure_bluet"
				}
			  }
		    }   
	      ]
		},
	 "if_action": {
	      "type": "origins:and",
		  "actions": [
		      {
			"type": "origins:execute_command",
			"command": "give @s minecraft:honeycomb 1",
			"permission_level": 4
			  },
              {
			"type": "origins:execute_command",
			"command": "clear @s minecraft:azure_bluet 1",
			"permission_level": 4
			  },
			  {
			"type": "origins:apply_effect",
            "effect": {
              "effect": "minecraft:blindness",
              "duration": 1000,
			  "amplifier": 1,
			  "is_ambient": true,
			  "show_particles": true,
			  "show_icon": true		  
			      }
			  },
			  {
			"type": "origins:feed",
			"food": 5,
			"saturation": 6
			  }
			  ]
			},
		 "else_action": {
		         "type": "origins:if_else",
	             "condition":
	 	      {
		    "type": "origins:or",
		    "conditions": [
			{
			"type": "origins:equipped_item",
			"equipment_slot": "mainhand",
			"item_condition": {
			"type": "origins:ingredient",
			"ingredient": {
			"item": "minecraft:allium"
				}
			  }
		    },
		  {
			"type": "origins:equipped_item",
			"equipment_slot": "offhand",
			"item_condition": {
			"type": "origins:ingredient",
			"ingredient": {
				"item": "minecraft:allium"
				}
			  }
		    }   
	      ]
		},
	 "if_action": {
	      "type": "origins:and",
		  "actions": [
		      {
			"type": "origins:execute_command",
			"command": "give @s minecraft:honeycomb 1",
			"permission_level": 4
			  },
              {
			"type": "origins:execute_command",
			"command": "clear @s minecraft:allium 1",
			"permission_level": 4
			  },
			  {
			"type": "origins:apply_effect",
            "effect": {
              "effect": "minecraft:fire_resistance",
              "duration": 600,
			  "amplifier": 1,
			  "is_ambient": true,
			  "show_particles": true,
			  "show_icon": true		  
			      }
			  },
			  {
			"type": "origins:feed",
			"food": 4,
			"saturation": 6
			  }
			  ]
			},
		 "else_action": {
		         "type": "origins:if_else",
	             "condition":
	 	      {
		    "type": "origins:or",
		    "conditions": [
			{
			"type": "origins:equipped_item",
			"equipment_slot": "mainhand",
			"item_condition": {
			"type": "origins:ingredient",
			"ingredient": {
			"item": "minecraft:lily_of_the_valley"
				}
			  }
		    },
		  {
			"type": "origins:equipped_item",
			"equipment_slot": "offhand",
			"item_condition": {
			"type": "origins:ingredient",
			"ingredient": {
				"item": "minecraft:lily_of_the_valley"
				}
			  }
		    }   
	      ]
		},
	 "if_action": {
	      "type": "origins:and",
		  "actions": [
		      {
			"type": "origins:execute_command",
			"command": "give @s minecraft:honeycomb 1",
			"permission_level": 4
			  },
              {
			"type": "origins:execute_command",
			"command": "clear @s minecraft:lily_of_the_valley 1",
			"permission_level": 4
			  },
			  {
			"type": "origins:apply_effect",
            "effect": {
              "effect": "minecraft:poison",
              "duration": 950,
			  "amplifier": 0,
			  "is_ambient": true,
			  "show_particles": true,
			  "show_icon": true		  
			      }
			  },
			  {
			"type": "origins:feed",
			"food": 3,
			"saturation": 4
			  }
			  ]
			},
		 "else_action": {
		    "type": "origins:execute_command",
			"command": "tellraw @s \"You have nothing to consume!\"",
			"permission_level": 4
		                    }
		                  }
		                }
		              }
		            }
		          } 
		        }
	          }  
            }
	      }
		}
		}
		}
	  },
   "cooldown": 20,
   "hud_render": {
   "should_render": false
          },
"name": "Bee Apetite",
"description": "As a bee you love to eat flowers, so you can now consume all types of flowers for hunger, saturation, and an effect depending on the flower!"
}